{
  "case_info": {
    "case_type": "ABC",
    "case_number": "123",
    "year": "2023",
    "cnr": "12345678901234567890",
    "petitioner": "Sample Petitioner",
    "respondent": "Sample Respondent",
    "filing_date": "2023-01-15",
    "status": "Active",
    "court_name": "District Court Delhi",
    "state_code": "",
    "district_code": "",
    "court_code": ""
  },
  "hearings": [
    {
      "hearing_date": "2025-10-20",
      "serial_number": "001",
      "court_name": "District Court Delhi",
      "bench_type": null,
      "case_number": "123",
      "case_title": "Sample Petitioner vs Sample Respondent",
      "petitioner": "Sample Petitioner",
      "respondent": "Sample Respondent",
      "case_type": "ABC",
      "status": "Listed"
    }
  ],
  "search_date": "2025-10-19T23:47:49.664254",
  "target_dates": [
    "2025-10-20"
  ]
}