{
  "case_info": {
    "cnr": "12345678901234567890",
    "case_number": "567/890",
    "case_type": "ABC",
    "petitioner": "Sample Petitioner",
    "respondent": "Sample Respondent",
    "filing_date": "2023-01-15",
    "status": "Active",
    "court_name": "District Court Delhi"
  },
  "hearings": [
    {
      "hearing_date": "2025-10-19",
      "serial_number": "010",
      "court_name": "District Court Delhi",
      "bench_type": null,
      "case_number": "567/890",
      "case_title": "Sample Petitioner vs Sample Respondent",
      "petitioner": "Sample Petitioner",
      "respondent": "Sample Respondent",
      "case_type": "ABC",
      "status": "Listed"
    }
  ],
  "search_date": "2025-10-19T23:47:43.053718",
  "target_dates": [
    "2025-10-19"
  ]
}