{
  "court_name": "Court 001",
  "hearing_date": "2025-10-19",
  "total_cases": 25,
  "hearings": [
    {
      "hearing_date": "2025-10-19",
      "serial_number": "001",
      "court_name": "Court 001",
      "bench_type": null,
      "case_number": "1/2023",
      "case_title": "Sample Case 1",
      "petitioner": "Petitioner 1",
      "respondent": "Respondent 1",
      "case_type": "XYZ",
      "status": "Listed"
    },
    {
      "hearing_date": "2025-10-19",
      "serial_number": "002",
      "court_name": "Court 001",
      "bench_type": null,
      "case_number": "2/2023",
      "case_title": "Sample Case 2",
      "petitioner": "Petitioner 2",
      "respondent": "Respondent 2",
      "case_type": "ABC",
      "status": "Listed"
    },
    {
      "hearing_date": "2025-10-19",
      "serial_number": "003",
      "court_name": "Court 001",
      "bench_type": null,
      "case_number": "3/2023",
      "case_title": "Sample Case 3",
      "petitioner": "Petitioner 3",
      "respondent": "Respondent 3",
      "case_type": "XYZ",
      "status": "Listed"
    },
    {
      "hearing_date": "2025-10-19",
      "serial_number": "004",
      "court_name": "Court 001",
      "bench_type": null,
      "case_number": "4/2023",
      "case_title": "Sample Case 4",
      "petitioner": "Petitioner 4",
      "respondent": "Respondent 4",
      "case_type": "ABC",
      "status": "Listed"
    },
    {
      "hearing_date": "2025-10-19",
      "serial_number": "005",
      "court_name": "Court 001",
      "bench_type": null,
      "case_number": "5/2023",
      "case_title": "Sample Case 5",
      "petitioner": "Petitioner 5",
      "respondent": "Respondent 5",
      "case_type": "XYZ",
      "status": "Listed"
    },
    {
      "hearing_date": "2025-10-19",
      "serial_number": "006",
      "court_name": "Court 001",
      "bench_type": null,
      "case_number": "6/2023",
      "case_title": "Sample Case 6",
      "petitioner": "Petitioner 6",
      "respondent": "Respondent 6",
      "case_type": "ABC",
      "status": "Listed"
    },
    {
      "hearing_date": "2025-10-19",
      "serial_number": "007",
      "court_name": "Court 001",
      "bench_type": null,
      "case_number": "7/2023",
      "case_title": "Sample Case 7",
      "petitioner": "Petitioner 7",
      "respondent": "Respondent 7",
      "case_type": "XYZ",
      "status": "Listed"
    },
    {
      "hearing_date": "2025-10-19",
      "serial_number": "008",
      "court_name": "Court 001",
      "bench_type": null,
      "case_number": "8/2023",
      "case_title": "Sample Case 8",
      "petitioner": "Petitioner 8",
      "respondent": "Respondent 8",
      "case_type": "ABC",
      "status": "Listed"
    },
    {
      "hearing_date": "2025-10-19",
      "serial_number": "009",
      "court_name": "Court 001",
      "bench_type": null,
      "case_number": "9/2023",
      "case_title": "Sample Case 9",
      "petitioner": "Petitioner 9",
      "respondent": "Respondent 9",
      "case_type": "XYZ",
      "status": "Listed"
    },
    {
      "hearing_date": "2025-10-19",
      "serial_number": "010",
      "court_name": "Court 001",
      "bench_type": null,
      "case_number": "10/2023",
      "case_title": "Sample Case 10",
      "petitioner": "Petitioner 10",
      "respondent": "Respondent 10",
      "case_type": "ABC",
      "status": "Listed"
    },
    {
      "hearing_date": "2025-10-19",
      "serial_number": "011",
      "court_name": "Court 001",
      "bench_type": null,
      "case_number": "11/2023",
      "case_title": "Sample Case 11",
      "petitioner": "Petitioner 11",
      "respondent": "Respondent 11",
      "case_type": "XYZ",
      "status": "Listed"
    },
    {
      "hearing_date": "2025-10-19",
      "serial_number": "012",
      "court_name": "Court 001",
      "bench_type": null,
      "case_number": "12/2023",
      "case_title": "Sample Case 12",
      "petitioner": "Petitioner 12",
      "respondent": "Respondent 12",
      "case_type": "ABC",
      "status": "Listed"
    },
    {
      "hearing_date": "2025-10-19",
      "serial_number": "013",
      "court_name": "Court 001",
      "bench_type": null,
      "case_number": "13/2023",
      "case_title": "Sample Case 13",
      "petitioner": "Petitioner 13",
      "respondent": "Respondent 13",
      "case_type": "XYZ",
      "status": "Listed"
    },
    {
      "hearing_date": "2025-10-19",
      "serial_number": "014",
      "court_name": "Court 001",
      "bench_type": null,
      "case_number": "14/2023",
      "case_title": "Sample Case 14",
      "petitioner": "Petitioner 14",
      "respondent": "Respondent 14",
      "case_type": "ABC",
      "status": "Listed"
    },
    {
      "hearing_date": "2025-10-19",
      "serial_number": "015",
      "court_name": "Court 001",
      "bench_type": null,
      "case_number": "15/2023",
      "case_title": "Sample Case 15",
      "petitioner": "Petitioner 15",
      "respondent": "Respondent 15",
      "case_type": "XYZ",
      "status": "Listed"
    },
    {
      "hearing_date": "2025-10-19",
      "serial_number": "016",
      "court_name": "Court 001",
      "bench_type": null,
      "case_number": "16/2023",
      "case_title": "Sample Case 16",
      "petitioner": "Petitioner 16",
      "respondent": "Respondent 16",
      "case_type": "ABC",
      "status": "Listed"
    },
    {
      "hearing_date": "2025-10-19",
      "serial_number": "017",
      "court_name": "Court 001",
      "bench_type": null,
      "case_number": "17/2023",
      "case_title": "Sample Case 17",
      "petitioner": "Petitioner 17",
      "respondent": "Respondent 17",
      "case_type": "XYZ",
      "status": "Listed"
    },
    {
      "hearing_date": "2025-10-19",
      "serial_number": "018",
      "court_name": "Court 001",
      "bench_type": null,
      "case_number": "18/2023",
      "case_title": "Sample Case 18",
      "petitioner": "Petitioner 18",
      "respondent": "Respondent 18",
      "case_type": "ABC",
      "status": "Listed"
    },
    {
      "hearing_date": "2025-10-19",
      "serial_number": "019",
      "court_name": "Court 001",
      "bench_type": null,
      "case_number": "19/2023",
      "case_title": "Sample Case 19",
      "petitioner": "Petitioner 19",
      "respondent": "Respondent 19",
      "case_type": "XYZ",
      "status": "Listed"
    },
    {
      "hearing_date": "2025-10-19",
      "serial_number": "020",
      "court_name": "Court 001",
      "bench_type": null,
      "case_number": "20/2023",
      "case_title": "Sample Case 20",
      "petitioner": "Petitioner 20",
      "respondent": "Respondent 20",
      "case_type": "ABC",
      "status": "Listed"
    },
    {
      "hearing_date": "2025-10-19",
      "serial_number": "021",
      "court_name": "Court 001",
      "bench_type": null,
      "case_number": "21/2023",
      "case_title": "Sample Case 21",
      "petitioner": "Petitioner 21",
      "respondent": "Respondent 21",
      "case_type": "XYZ",
      "status": "Listed"
    },
    {
      "hearing_date": "2025-10-19",
      "serial_number": "022",
      "court_name": "Court 001",
      "bench_type": null,
      "case_number": "22/2023",
      "case_title": "Sample Case 22",
      "petitioner": "Petitioner 22",
      "respondent": "Respondent 22",
      "case_type": "ABC",
      "status": "Listed"
    },
    {
      "hearing_date": "2025-10-19",
      "serial_number": "023",
      "court_name": "Court 001",
      "bench_type": null,
      "case_number": "23/2023",
      "case_title": "Sample Case 23",
      "petitioner": "Petitioner 23",
      "respondent": "Respondent 23",
      "case_type": "XYZ",
      "status": "Listed"
    },
    {
      "hearing_date": "2025-10-19",
      "serial_number": "024",
      "court_name": "Court 001",
      "bench_type": null,
      "case_number": "24/2023",
      "case_title": "Sample Case 24",
      "petitioner": "Petitioner 24",
      "respondent": "Respondent 24",
      "case_type": "ABC",
      "status": "Listed"
    },
    {
      "hearing_date": "2025-10-19",
      "serial_number": "025",
      "court_name": "Court 001",
      "bench_type": null,
      "case_number": "25/2023",
      "case_title": "Sample Case 25",
      "petitioner": "Petitioner 25",
      "respondent": "Respondent 25",
      "case_type": "XYZ",
      "status": "Listed"
    }
  ],
  "generated_at": "2025-10-19 23:47:55.710972"
}